2009, ['Angewandte Chemie International Edition', 'Journal of the American Chemical Society', 'Angewandte Chemie', 'Varki A', 'Proceedings of the National Academy of Sciences', 'Proceedings of the National Academy of Sciences', 'Proceedings of the National Academy of Sciences', 'Proteomics', 'Angewandte Chemie International Edition', 'Accounts of chemical research', 'ACS chemical biology', 'Varki A', 'Angewandte Chemie', 'Langmuir', 'Journal of proteome research', 'The Consortium of Glycobiology Editors La Jolla CA USA', 'Journal of proteome research', 'Journal of Biological Chemistry', 'Journal of Biomedical Materials Research Part A An Official Journal of The', 'Journal of Biological Chemistry', 'Varki A', 'New York', 'Journal of the American Chemical Society', 'Proceedings of the National Academy of Sciences', 'Essentials of Glycobiology nd edition', 'Chemistry  biology', 'Lab on a Chip', 'Langmuir', 'Biotechnology letters', 'Biochemistry', 'Essentials of Glycobiology nd edition', 'Essentials of Glycobiology nd edition', 'Click Chemistry for Biotechnology and Materials Science', 'Lawrence Berkeley National Laboratory', 'ABSTRACTS OF PAPERS OF THE AMERICAN CHEMICAL SOCIETY', 'Essentials of Glycobiology Varki A et al eds New York Cold Spring Harbor', 'Essentials of Glycobiology', 'Berkeley Lab Science Videos on YouTube', 'Cold Spring Harbor Laboratory Cold Spring Harbor NY', 'Chem Soc Rev', 'US Patent', 'Los Alamos National LabLANL Los Alamos NM United States', 'ABSTRACTS OF PAPERS OF THE AMERICAN CHEMICAL SOCIETY', '', 'Synfacts', 'Lawrence Berkeley National LabLBNL Berkeley CA United States', 'Biophysical Journal   a']
2000, ['Science', 'Organic letters', 'Chemistry  biology   RR', 'Methods in enzymology', 'Angewandte Chemie', 'Tetrahedron', 'US Patent', 'Journal of Biological Chemistry', 'Glycobiology', 'Journal of the American Chemical Society', 'US Patent', 'Journal of Biological Chemistry', 'Current opinion in drug discovery  development', 'Angewandte ChemieGerman Edition', 'GLYCOBIOLOGY', '', 'FASEB JOURNAL   AA', 'Lawrence Berkeley National LabLBNL Berkeley CA United States', 'ABSTRACTS OF PAPERS OF THE AMERICAN CHEMICAL SOCIETY  UU', 'FASEB JOURNAL   AA', 'ABSTRACTS OF PAPERS OF THE AMERICAN CHEMICAL SOCIETY  UU', 'ABSTRACTS OF PAPERS OF THE AMERICAN CHEMICAL SOCIETY  UU', 'ABSTRACTS OF PAPERS OF THE AMERICAN CHEMICAL SOCIETY  UU', 'ABSTRACTS OF PAPERS OF THE AMERICAN CHEMICAL SOCIETY  UU', 'ABSTRACTS OF PAPERS OF THE AMERICAN CHEMICAL SOCIETY  UU', 'Methods in Enzymology', 'J Am Chem Soc']
2004, ['Journal of the American Chemical Society', 'Nature', 'Proceedings of the National Academy of Sciences', 'Angewandte Chemie International Edition', 'Angewandte Chemie', 'ChemBioChem', 'Current opinion in cell biology', 'Journal of the American Chemical Society', 'Journal of the American Chemical Society', 'Angewandte Chemie International Edition', 'Journal of Biological Chemistry', 'Nature structural  molecular biology', 'Biochemistry', 'Chemistry  biology', 'Chemistry  biology', 'Biomaterials', 'ChemBioChem', 'Organic Letters', 'Proceedings of the National Academy of Sciences', 'US Patent App', 'Journal of Biological Chemistry', 'Journal of Biological Chemistry', 'Journal of Materials Chemistry', 'ChemBioChem', 'Trends in Glycoscience and Glycotechnology', 'US Patent', 'Glycobiology', 'Glycobiology', 'Glycobiology', 'GLYCOBIOLOGY', 'GLYCOBIOLOGY', 'GLYCOBIOLOGY', 'ABSTRACTS OF PAPERS OF THE AMERICAN CHEMICAL SOCIETY  UU', 'ABSTRACTS OF PAPERS OF THE AMERICAN CHEMICAL SOCIETY  UU', 'ABSTRACTS OF PAPERS OF THE AMERICAN CHEMICAL SOCIETY  UU', 'CALIFORNIA UNIV BERKELEY', 'FASEB JOURNAL   CC', 'APS March Meeting Abstracts  U', '', 'Glycobiology   G']
2001, ['Science', 'Accounts of chemical research', 'Langmuir', 'Biochemistry', 'Journal of the American Chemical Society', 'Annual review of cell and developmental biology', 'Genome biology', 'ChemistryA European Journal', 'Science', 'Organic Letters', 'Nature biotechnology', 'Journal of medicinal chemistry', 'Biochimica et Biophysica Acta BBAGeneral Subjects', 'Journal of the American Chemical Society', 'Chemistry  biology', 'Glycochemistry principles synthesis and applications', 'Biochemistry', 'Biochemistry', 'Proceedings of the National Academy of Sciences', 'Biochemistry', 'Organic letters', 'US Patent App', 'Science', 'CURRENT OPINION IN CHEMICAL BIOLOGY', 'Current Opinion in Chemical Biology', 'GLYCOBIOLOGY', 'GLYCOBIOLOGY', 'CALIFORNIA UNIV BERKELEY DEPT OF CHEMISTRY', 'ABSTRACTS OF PAPERS OF THE AMERICAN CHEMICAL SOCIETY  UU', '', 'ABSTRACTS OF PAPERS OF THE AMERICAN CHEMICAL SOCIETY  UU', 'ABSTRACTS OF PAPERS OF THE AMERICAN CHEMICAL SOCIETY  UU', 'ABSTRACTS OF PAPERS OF THE AMERICAN CHEMICAL SOCIETY  UU', 'ABSTRACTS OF PAPERS OF THE AMERICAN CHEMICAL SOCIETY  UU', 'Chemical  Engineering News', '', '', 'BIOPHYSICAL JOURNAL   AA']
2007, ['Proceedings of the National Academy of Sciences', 'Nature chemical biology', 'Proceedings of the National Academy of Sciences', 'Nature biotechnology', 'QSAR  Combinatorial Science', 'Nature protocols', 'Proceedings of the National Academy of Sciences', 'Journal of the American Chemical Society', 'Proceedings of the National Academy of Sciences', 'Proceedings of the National Academy of Sciences', 'Journal of the American Chemical Society', 'Lab on a Chip', 'Journal of the American Chemical Society', 'Bioorganic  medicinal chemistry letters', 'Carbohydrate research', 'Biosensors and Bioelectronics', 'Journal of medical microbiology', 'Journal of the American Society for Mass Spectrometry', 'The Journal of Physical Chemistry B', 'PNAS', '', 'ABSTRACTS OF PAPERS OF THE AMERICAN CHEMICAL SOCIETY', 'FEBS JOURNAL', 'ABSTRACTS OF PAPERS OF THE AMERICAN CHEMICAL SOCIETY', 'ABSTRACTS OF PAPERS OF THE AMERICAN CHEMICAL SOCIETY', 'ANGEWANDTE CHEMIEINTERNATIONAL EDITION']
2005, ['Nature reviews Drug discovery', 'Nature chemical biology', 'Journal of the American Chemical Society', 'Bioorganic  medicinal chemistry', 'Journal of the American Chemical Society', 'Chemical Society Reviews', 'Glycobiology', 'PLoS biology   e', 'Journal of the American Chemical Society', 'Advanced Engineering Materials', 'Journal of the American Chemical Society', 'Biochemistry', 'Analytical biochemistry', 'US Patent', 'US Patent', 'Glycobiology', 'US Patent', 'Handbook of nanostructured biomaterials and their applications in', 'US Patent', 'GLYCOBIOLOGY', 'GLYCOBIOLOGY', 'GLYCOBIOLOGY', 'GLYCOBIOLOGY', '', 'ABSTRACTS OF PAPERS OF THE AMERICAN CHEMICAL SOCIETY  UU', 'ABSTRACTS OF PAPERS OF THE AMERICAN CHEMICAL SOCIETY  UU', 'ABSTRACTS OF PAPERS OF THE AMERICAN CHEMICAL SOCIETY  UU', 'US Patent', 'Glycobiology   GG', '', 'Handbook of Nanostructured Biomaterials and Their Applications']
2010, ['Chemical Society Reviews', 'Journal of the American Chemical Society', 'Proceedings of the National Academy of Sciences', 'Proceedings of the National Academy of Sciences', 'Chemical physics letters', 'Applied and environmental microbiology', 'ChemBioChem', 'Journal of the American Chemical Society', 'Proceedings of the National Academy of Sciences', 'Proceedings of the National Academy of Sciences', 'Journal of the American Chemical Society', 'Journal of lipid research', 'Journal of the American Chemical Society', 'Proceedings of the National Academy of Sciences', '', 'Journal of the American Chemical Society', 'US Patent', 'Glycobiology', 'US Patent', 'ChemBioChem', 'US Patent', 'Biophysical Journal   a', '', 'ABSTRACTS OF PAPERS OF THE AMERICAN CHEMICAL SOCIETY', 'Glycobiology', 'ABSTRACTS OF PAPERS OF THE AMERICAN CHEMICAL SOCIETY', 'ABSTRACTS OF PAPERS OF THE AMERICAN CHEMICAL SOCIETY', 'ABSTRACTS OF PAPERS OF THE AMERICAN CHEMICAL SOCIETY', 'ABSTRACTS OF PAPERS OF THE AMERICAN CHEMICAL SOCIETY', 'Proceedings of the National Academy of Sciences of the United States of', 'Angew Chem Int Ed', 'Biophysical Journal   a']
1990, ['Journal of the American Chemical Society']
2002, ['Proceedings of the National academy of Sciences', 'Chemistry of Materials', 'Journal of the American Chemical Society', 'Annual review of biochemistry', 'Chemistry  biology', 'Journal of Biological Chemistry', 'Chemistry  biology', 'Proceedings of the National Academy of Sciences', 'Journal of Biological Chemistry', 'Biochemistry', 'Glycobiology   RR', 'Organic letters', 'US Patent', 'Journal of carbohydrate chemistry', 'Bioorganic  medicinal chemistry letters', 'Biochemistry', 'Bioorganic  medicinal chemistry', 'Biochemistry', 'US Patent', 'Analytical biochemistry', '', 'US Patent App', 'ABSTRACTS OF PAPERS OF THE AMERICAN CHEMICAL SOCIETY  UU', 'Lawrence Berkeley National LabLBNL Berkeley CA United States', 'GLYCOBIOLOGY', 'GLYCOBIOLOGY', 'GLYCOBIOLOGY', 'ABSTRACTS OF PAPERS OF THE AMERICAN CHEMICAL SOCIETY  UU', 'ABSTRACTS OF PAPERS OF THE AMERICAN CHEMICAL SOCIETY  UU', 'ABSTRACTS OF PAPERS OF THE AMERICAN CHEMICAL SOCIETY  UU', '', 'ABSTRACTS OF PAPERS OF THE AMERICAN CHEMICAL SOCIETY  BB', '', 'Journal of the American Chemical Society', 'Journal of Biological Chemistry', 'Angewandte ChemieInternational Edition']
2008, ['Science', 'Journal of the American Chemical Society', 'Biochemistry', 'Journal of the American Chemical Society', 'Organic letters', 'Proceedings of the National Academy of Sciences', 'Angewandte Chemie', 'Angewandte Chemie', 'Journal of the American Chemical Society', 'The FASEB Journal', 'Chemical communications', 'The FASEB Journal', 'Journal of Biological Chemistry', 'Proceedings of the National Academy of Sciences', 'Journal of the American Chemical Society', 'The Journal of Immunology', 'Angewandte Chemie', 'Journal of the American Chemical Society', 'ACS chemical biology', 'Biophysical journal', 'The Journal of organic chemistry', 'Biochemistry', 'The mycobacterial cell envelope', 'US Patent', '', 'Journal of Biological Chemistry', 'Angewandte Chemie', 'US Patent App', 'Synfacts', 'Science', 'US Patent', 'Angewandte Chemie International Edition', '']
2011, ['Accounts of chemical research', 'Proceedings of the National Academy of Sciences', 'Nature methods', 'Accounts of chemical research', 'ACS chemical biology', 'PLoS pathogens   e', 'Organic letters', 'Journal of the American Chemical Society', 'ChemInform   nono', 'Journal of proteome research', 'ChemBioChem', 'Journal of the American Chemical Society', 'US Patent', 'ACS chemical biology', 'Bioorganic  medicinal chemistry letters', 'US Patent', 'US Patent', 'US Patent', 'Bioorganic  medicinal chemistry letters', 'Lawrence Berkeley National LabLBNL Berkeley CA United States', 'Applied and Environmental Microbiology', '', 'US Patent', 'ASSAY and Drug Development Technologies', 'US Patent', 'ANGEWANDTE CHEMIEINTERNATIONAL EDITION']
1997, ['Science', 'Journal of the American Chemical Society', 'Chemistry  Biology', 'Journal of immunological methods', 'ABSTRACTS OF PAPERS OF THE AMERICAN CHEMICAL SOCIETY  CARB', 'American Chemical Society Washington DC United States', 'American Chemical Society Washington DC United States', 'American Chemical Society Washington DC United States', 'ABSTRACTS OF PAPERS OF THE AMERICAN CHEMICAL SOCIETY  CARB', 'ABSTRACTS OF PAPERS OF THE AMERICAN CHEMICAL SOCIETY  MACR', 'FASEB JOURNAL   AA']
2006, ['ACS chemical biology', 'Journal of the American Chemical Society', 'Proceedings of the National Academy of Sciences', 'Proceedings of the National Academy of Sciences', 'Cell', 'Angewandte Chemie International Edition', 'Journal of the American Chemical Society', 'Methods in enzymology', 'Molecular microbiology', 'Molecular  Cellular Proteomics', 'Chembiochem', 'Journal of molecular biology', 'Proceedings of the National Academy of Sciences', 'US Patent', 'Molecular cell', 'Current opinion in chemical biology', 'Chemistry  biology', 'Journal of Biological Chemistry', 'Organic letters', 'US Patent App', 'ABSTRACTS OF PAPERS OF THE AMERICAN CHEMICAL SOCIETY', 'ABSTRACTS OF PAPERS OF THE AMERICAN CHEMICAL SOCIETY', 'ABSTRACTS OF PAPERS OF THE AMERICAN CHEMICAL SOCIETY', 'ABSTRACTS OF PAPERS OF THE AMERICAN CHEMICAL SOCIETY', 'ABSTRACTS OF PAPERS OF THE AMERICAN CHEMICAL SOCIETY', 'ABSTRACTS OF PAPERS OF THE AMERICAN CHEMICAL SOCIETY', 'ABSTRACTS OF PAPERS OF THE AMERICAN CHEMICAL SOCIETY', 'The FASEB Journal   AA', 'APS March Meeting Abstracts D', '']
2015, ['Glycobiology', 'Bioconjugate chemistry', 'Nature methods', 'ACS chemical biology', 'Proceedings of the National Academy of Sciences', 'Journal of the American Chemical Society', 'Angewandte Chemie', 'FEMS Microbiology Reviews', 'Proceedings of the National Academy of Sciences', 'Angewandte Chemie International Edition', 'Journal of the American Chemical Society', 'Angewandte Chemie International Edition', 'Journal of bacteriology', 'Chemistry  biology', 'Biochemical and biophysical research communications', 'Cell reports', 'ACS central science', 'Nature chemical biology', 'US Patent', 'US Patent', 'ACS Central Science', 'ACS Central Science', 'Cell', 'US Patent', 'Lawrence Berkeley National LabLBNL Berkeley CA United States', 'ACS Central Science', 'ACS Central Science', 'ABSTRACTS OF PAPERS OF THE AMERICAN CHEMICAL SOCIETY', 'ABSTRACTS OF PAPERS OF THE AMERICAN CHEMICAL SOCIETY', 'ABSTRACTS OF PAPERS OF THE AMERICAN CHEMICAL SOCIETY', 'ABSTRACTS OF PAPERS OF THE AMERICAN CHEMICAL SOCIETY', 'ABSTRACTS OF PAPERS OF THE AMERICAN CHEMICAL SOCIETY', 'ABSTRACTS OF PAPERS OF THE AMERICAN CHEMICAL SOCIETY', 'CHEMICAL  ENGINEERING NEWS', 'Nature chemical biology', 'ACS Central Science', 'The FASEB Journal', 'ABSTRACTS OF PAPERS OF THE AMERICAN CHEMICAL SOCIETY', 'ABSTRACTS OF PAPERS OF THE AMERICAN CHEMICAL SOCIETY']
1994, ['Current opinion in cell biology', 'Biochemistry']
2003, ['Proceedings of the National Academy of Sciences', 'Proceedings of the National Academy of Sciences', 'Journal of the American Chemical Society', 'Current opinion in chemical biology', 'Proceedings of the National Academy of Sciences', 'Journal of the American Chemical Society', 'US Patent', 'Methods in enzymology', 'National Academies Press', 'Journal of Biological Chemistry', 'Antimicrobial agents and chemotherapy', 'Journal of the American Chemical Society', 'US Patent', 'Chemistry  biology', 'Organic Letters', 'Journal of the European Ceramic Society', 'Proceedings of the National Academy of Sciences', 'Journal of Biological Chemistry', 'Molecular and biochemical parasitology', 'The Journal of organic chemistry', 'ChemBioChem', 'Glycobiology', 'CarbohydrateBased Drug Discovery', '', 'GLYCOBIOLOGY', 'GLYCOBIOLOGY', 'GLYCOBIOLOGY', 'Molecular  Biochemical Parasitology', '', 'Antimicrobial Agents and Chemotherapy']
2014, ['Nature', 'Nature chemical biology', 'Chemistry  biology', 'Organic  biomolecular chemistry', 'Proceedings of the National Academy of Sciences', 'Proceedings of the National Academy of Sciences   EE', 'Bioconjugate chemistry', 'Angewandte Chemie International Edition', 'US Patent', 'Organic letters', 'ChemBioChem', 'US Patent', 'Cell host  microbe', 'European Journal of Organic Chemistry', 'US Patent', 'The FASEB Journal', 'US Patent App', 'ABSTRACTS OF PAPERS OF THE AMERICAN CHEMICAL SOCIETY', 'ABSTRACTS OF PAPERS OF THE AMERICAN CHEMICAL SOCIETY', 'ChemBioChem']
2018, ['Nature chemical biology', 'Cell    e', 'Molecular  Cellular Proteomics', 'Science translational medicine   eaam', 'Nature cell biology', 'Angewandte Chemie', 'Cell host  microbe    e', 'Proceedings of the National Academy of Sciences', 'Angewandte Chemie', 'Cancer research', 'Frontiers in microbiology', 'Journal of the American Chemical Society', 'Methods in enzymology', 'The Journal of organic chemistry', 'Journal of Allergy and Clinical Immunology    e', 'Bioorganic  medicinal chemistry', 'US Patent', '', 'ACS Central Science', 'GLYCOBIOLOGY', 'GLYCOBIOLOGY', 'Neurooncology  Suppl  vi', 'US Patent', 'American Chemical Society', 'ABSTRACTS OF PAPERS OF THE AMERICAN CHEMICAL SOCIETY', 'ABSTRACTS OF PAPERS OF THE AMERICAN CHEMICAL SOCIETY', 'US Patent App', 'US Patent', 'US Patent', 'US Patent', 'ABSTRACTS OF PAPERS OF THE AMERICAN CHEMICAL SOCIETY', 'Biophysical Journal   aa', '']
1999, ['Journal of the American Chemical Society', 'Chemistry  biology   RR', 'Journal of the American Chemical Society', 'ChemistryA European Journal', 'Journal of Biological Chemistry', 'Biochemistry', 'Journal of the American Chemical Society', 'US Patent', 'US Patent', 'ABSTRACTS OF PAPERS OF THE AMERICAN CHEMICAL SOCIETY  UU', 'GLYCOBIOLOGY', 'GLYCOBIOLOGY', 'ABSTRACTS OF PAPERS OF THE AMERICAN CHEMICAL SOCIETY  UU', 'ABSTRACTS OF PAPERS OF THE AMERICAN CHEMICAL SOCIETY  UU', 'ABSTRACTS OF PAPERS OF THE AMERICAN CHEMICAL SOCIETY  UU', 'ABSTRACTS OF PAPERS OF THE AMERICAN CHEMICAL SOCIETY  UU', 'ABSTRACTS OF PAPERS OF THE AMERICAN CHEMICAL SOCIETY  UU', 'ABSTRACTS OF PAPERS OF THE AMERICAN CHEMICAL SOCIETY  UU', 'ABSTRACTS OF PAPERS OF THE AMERICAN CHEMICAL SOCIETY  UU', 'FASEB JOURNAL   AA', 'Biochemistry  LBNL', 'ABSTRACTS OF PAPERS OF THE AMERICAN CHEMICAL SOCIETY  UU', 'J Am Chem Soc']
2020, ['Nature neuroscience', 'Nature', 'Nature', 'Journal of proteome research', 'Nature chemical biology', 'Proceedings of the National Academy of Sciences', 'Nature methods', 'Molecular cell    e', 'Nature', 'Proceedings of the National Academy of Sciences', 'Proceedings of the National Academy of Sciences', 'Proceedings of the National Academy of Sciences', 'Modern methods in carbohydrate synthesis', 'ACS Combinatorial Science', 'Journal of the American Chemical Society', 'Analytical chemistry', 'PloS one   e', 'Biorxiv', 'Nature neuroscience', 'Elife  e', 'PloS one   e', 'Journal of the American Chemical Society', 'bioRxiv', 'ACS omega', 'bioRxiv', 'bioRxiv', 'Immunology and Cell Biology', 'bioRxiv', 'GLYCOBIOLOGY', 'GLYCOBIOLOGY', 'GLYCOBIOLOGY', 'Virtual AIChE Annual Meeting', 'US Patent', 'US Patent App', 'US Patent App', 'US Patent', 'US Patent App', 'ENVIRONMENTAL SCIENCE  TECHNOLOGY', 'ACS Materials Letters', 'US Patent App', 'ACS Central Science', 'CANCER IMMUNOLOGY RESEARCH', 'Cancer Immunology Research  Supplement AA', '', 'Biophysical Journal   a', 'Biophysical Journal   a', 'CHEMISTRY  INDUSTRY', 'Nature', '']
1998, ['Trends in biotechnology', 'Journal of Biological Chemistry', 'Current opinion in chemical biology', 'The Journal of organic chemistry', 'Tetrahedron letters', 'Chemistry  biology', 'Tetrahedron letters', 'US Patent', 'Chemistry  biology   RR', 'Glycobiology', 'ABSTRACTS OF PAPERS OF THE AMERICAN CHEMICAL SOCIETY  UU', 'ABSTRACTS OF PAPERS OF THE AMERICAN CHEMICAL SOCIETY  UU', 'Journal of Biological Chemistry']
2012, ['Journal of the American Chemical Society', 'Nature protocols', 'Chemistry  biology', 'Angewandte Chemie International Edition', 'Journal of the American Chemical Society', 'Journal of the American Chemical Society', 'Angewandte Chemie', 'Journal of the American Chemical Society', 'Journal of the American Chemical Society', 'Proceedings of the National Academy of Sciences', 'Molecular  Cellular Proteomics', 'ChemBioChem', 'Chemical Communications', 'Journal of Biological Chemistry', 'Journal of the American Chemical Society', 'Proceedings of the National Academy of Sciences', 'ACS chemical biology', 'PloS one   e', 'ACS chemical biology', 'Molecular  Cellular Proteomics', 'US Patent App', 'US Patent', 'Langmuir', 'US Patent', 'ABSTRACTS OF PAPERS OF THE AMERICAN CHEMICAL SOCIETY', 'Transforming Glycoscience A Roadmap for the Future', 'Nanoscience  NanotechnologyAsia', 'US Patent App', 'ABSTRACTS OF PAPERS OF THE AMERICAN CHEMICAL SOCIETY', 'ABSTRACTS OF PAPERS OF THE AMERICAN CHEMICAL SOCIETY', 'ABSTRACTS OF PAPERS OF THE AMERICAN CHEMICAL SOCIETY', 'ABSTRACTS OF PAPERS OF THE AMERICAN CHEMICAL SOCIETY', 'ABSTRACTS OF PAPERS OF THE AMERICAN CHEMICAL SOCIETY', 'Angewandte Chemie', 'The FASEB Journal', 'ABSTRACTS OF PAPERS OF THE AMERICAN CHEMICAL SOCIETY', 'ABSTRACTS OF PAPERS OF THE AMERICAN CHEMICAL SOCIETY', 'ABSTRACTS OF PAPERS OF THE AMERICAN CHEMICAL SOCIETY', 'ABSTRACTS OF PAPERS OF THE AMERICAN CHEMICAL SOCIETY', 'ABSTRACTS OF PAPERS OF THE AMERICAN CHEMICAL SOCIETY', 'ABSTRACTS OF PAPERS OF THE AMERICAN CHEMICAL SOCIETY']
2013, ['Journal of the American Chemical Society', 'Proceedings of the National Academy of Sciences', 'ACS chemical biology', 'Angewandte Chemie international edition', 'Proceedings of the National Academy of Sciences   EE', 'PloS one   e', 'Proceedings of the National Academy of Sciences', 'US Patent', 'US Patent', 'Cell reports', 'Organic letters', 'PLoS One   e', 'Angewandte Chemie International Edition', 'ACS nano', 'Current opinion in chemical biology', 'US Patent', 'US Patent', 'US Patent', 'US Patent', 'US Patent App', '', 'Angewandte Chemie International Edition', 'Angewandte Chemie', 'MOLECULAR BIOLOGY OF THE CELL', 'MOLECULAR BIOLOGY OF THE CELL', 'TUBERCULOSIS']
2016, ['Proceedings of the National Academy of Sciences', 'Chemical reviews', 'Cell', 'Nature chemical biology', 'PLoS pathogens   e', 'ACS Central Science', 'Proceedings of the National Academy of Sciences   EE', 'Journal of the American Chemical Society', 'The Journal of clinical investigation', 'Journal of proteomics', 'ACS Central Science', 'Chemical Communications', 'ACS infectious diseases', 'Current protocols in chemical biology', 'US Patent', 'ACS central science', 'Data in brief', 'ACS Central Science', 'US Patent', 'Bioorganic  medicinal chemistry', 'Nature biotechnology', 'US Patent', 'US Patent', 'ACS Central Science', 'US Patent', 'ABSTRACTS OF PAPERS OF THE AMERICAN CHEMICAL SOCIETY', 'ACS Central Science', 'GLYCOBIOLOGY', 'GLYCOBIOLOGY', 'GLYCOBIOLOGY', 'ACS Central Science', '', 'Investigative Ophthalmology  Visual Science', 'ABSTRACTS OF PAPERS OF THE AMERICAN CHEMICAL SOCIETY', 'ABSTRACTS OF PAPERS OF THE AMERICAN CHEMICAL SOCIETY', 'ACS Central Science', 'ACS Central Science', 'US Patent', 'The FASEB Journal', 'ACS Central Science', 'ABSTRACTS OF PAPERS OF THE AMERICAN CHEMICAL SOCIETY', 'ABSTRACTS OF PAPERS OF THE AMERICAN CHEMICAL SOCIETY', 'ABSTRACTS OF PAPERS OF THE AMERICAN CHEMICAL SOCIETY', '', 'Blood', 'MOLECULAR BIOLOGY OF THE CELL']
2017, ['ACS Chemical Neuroscience', 'ACS central science', 'Journal of the American Chemical Society', 'Journal of proteome research', '', 'Angewandte Chemie International Edition', 'Elife  e', 'ACS chemical biology', 'Analytical and bioanalytical chemistry', 'Scientific reports', 'Antimicrobial agents and chemotherapy   e', 'The FASEB Journal', 'Chemoselective and Bioorthogonal Ligation Reactions Concepts and', 'ACS Central Science', 'ChemBioChem', 'MOLECULAR THERAPY', 'US Patent', 'bioRxiv', 'GLYCOBIOLOGY', 'GLYCOBIOLOGY', 'ACS Central Science', 'US Patent', 'HEPATOLOGY  AA', 'Stanford University', '', 'ABSTRACTS OF PAPERS OF THE AMERICAN CHEMICAL SOCIETY', 'ABSTRACTS OF PAPERS OF THE AMERICAN CHEMICAL SOCIETY', 'ABSTRACTS OF PAPERS OF THE AMERICAN CHEMICAL SOCIETY', 'ABSTRACTS OF PAPERS OF THE AMERICAN CHEMICAL SOCIETY', 'ChemBioChem', 'ACS Central Science', 'ABSTRACTS OF PAPERS OF THE AMERICAN CHEMICAL SOCIETY', 'ABSTRACTS OF PAPERS OF THE AMERICAN CHEMICAL SOCIETY', 'ABSTRACTS OF PAPERS OF THE AMERICAN CHEMICAL SOCIETY', 'ABSTRACTS OF PAPERS OF THE AMERICAN CHEMICAL SOCIETY', 'ABSTRACTS OF PAPERS OF THE AMERICAN CHEMICAL SOCIETY', 'ABSTRACTS OF PAPERS OF THE AMERICAN CHEMICAL SOCIETY', 'ABSTRACTS OF PAPERS OF THE AMERICAN CHEMICAL SOCIETY', 'ABSTRACTS OF PAPERS OF THE AMERICAN CHEMICAL SOCIETY', 'US Patent', 'Cancer Research  Supplement PRPR', 'Chemical  Engineering News']
2019, ['Nature', 'Cell    e', 'Proceedings of the National Academy of Sciences', 'Nature microbiology', 'Developmental cell    e', 'Journal of the American Chemical Society', 'Nature chemical biology', 'Proceedings of the National Academy of Sciences', 'Iscience', 'Nature chemical biology', 'PLoS genetics   e', 'bioRxiv', 'Nature communications', '', 'US Patent', 'BioRxiv', 'bioRxiv', 'Cancer Research', 'bioRxiv', 'US Patent App', 'Biochemistry', 'bioRxiv', 'US Patent App', 'US Patent', 'US Patent App', 'Angewandte Chemie', 'Angewandte Chemie International Edition', 'US Patent App', 'MOLECULAR  CELLULAR PROTEOMICS   SS', 'US Patent App', 'US Patent', 'US Patent App', 'US Patent', 'ABSTRACTS OF PAPERS OF THE AMERICAN CHEMICAL SOCIETY', 'ABSTRACTS OF PAPERS OF THE AMERICAN CHEMICAL SOCIETY', 'ABSTRACTS OF PAPERS OF THE AMERICAN CHEMICAL SOCIETY', 'US Patent App']
2021, ['Cell    e', 'Nature Reviews Drug Discovery', 'Nature chemical biology', 'Molecular  Cellular Proteomics', 'Cell    e', 'Proceedings of the National Academy of Sciences   e', 'Nature chemical biology', 'Proceedings of the National Academy of Sciences   e', 'BioRxiv', 'ACS central science', 'Current Biology    e', 'PLoS pathogens   e', 'Glycobiology', 'JACS Au', 'Science translational medicine   eabg', 'ACS chemical biology', 'Cell Chemical Biology', 'bioRxiv', 'BioRxiv', 'BioRxiv', '', 'Nature reviews Drug Discovery', 'ACS Central Science', 'US Patent App', 'US Patent App', 'STAR protocols', 'Journal for ImmunoTherapy of Cancer  Suppl  AA', 'US Patent', 'US Patent', 'US Patent', 'US Patent App', 'US Patent App', 'US Patent', 'The FASEB Journal', 'The FASEB Journal', 'US Patent App', 'US Patent', 'US Patent App', 'bioRxiv']
1996, ['Current Biology', 'Biochemistry', 'The Journal of Organic Chemistry', 'The Journal of organic chemistry', 'Tetrahedron letters', 'Current biology CB', 'GLYCOBIOLOGY', 'ABSTRACTS OF PAPERS OF THE AMERICAN CHEMICAL SOCIETY  ORGN', 'ABSTRACTS OF PAPERS OF THE AMERICAN CHEMICAL SOCIETY  ACARB']
1992, ['Journal of the American Chemical Society', 'The Journal of Organic Chemistry', 'Tetrahedron letters', 'Carbohydrate research', 'Journal of the American Chemical Society', 'Tetrahedron letters', 'Journal of the American Chemical Society', 'Analytical biochemistry', 'ABSTRACTS OF PAPERS OF THE AMERICAN CHEMICAL SOCIETY  MEDI']
1991, ['The Journal of Organic Chemistry', 'ABSTRACTS OF PAPERS OF THE AMERICAN CHEMICAL SOCIETY  ORGN']
1995, ['Chemistry  biology', 'Biochemistry', 'The Journal of Organic Chemistry', 'Biochemistry', 'ABSTRACTS OF PAPERS OF THE AMERICAN CHEMICAL SOCIETY  ORGN']
1970, ['']
2022, ['Nature communications', 'Nature Medicine', 'Cell    e', 'Blood Advances', 'Proceedings of the National Academy of Sciences   e', 'Cancer Research', 'Nature Reviews Methods Primers', 'Cell chemical biology    e', 'Nature genetics', 'Nature Communications', 'Journal of Biological Chemistry', 'Current Opinion in Structural Biology', 'Cell Chemical Biology    e', 'Proceedings of the National Academy of Sciences   e', 'Science   eabn', 'ACS chemical biology', 'Annals of the New York Academy of Sciences', 'bioRxiv', '', 'Academic Press', 'Nature Communications', '', 'US Patent App', '', 'US Patent App', 'Nature Cancer', 'US Patent App', 'US Patent App', 'PLoS computational biology   e', 'The FASEB Journal', 'EBioMedicine', 'US Patent', 'US Patent App', 'US Patent App', 'US Patent App', 'US Patent App', 'bioRxiv', 'bioRxiv', 'bioRxiv', 'Essentials of Glycobiology Internet th edition']
1993, ['US Patent', 'PEPTIDESEUROPEAN SYMPOSIUM', 'JOURNAL OF CELLULAR BIOCHEMISTRY', 'University of California Berkeley']
1984, ['RIVISTA ITALIANA DI PEDIATRIAITALIAN JOURNAL OF PEDIATRICS']
